Stock,Close,EMA20,EMA50,EMA200,RSI14,ATR14,RVOL20,RS_ROC20,CompositeScore,TrendContinuation_Flag,VCP_Flag,SEPA_Flag,Breakout_Flag,MeanReversion_Flag
ABSLBANETF,60.51,60.33200645672629,59.623806897840595,56.866883477307,50.0,0.8278571428571426,0.14249256283474857,,2,1,0,1,0,0
ADANIENT,2263.5,2276.9863464795485,2346.5712579060014,2448.471232611801,53.02302049076653,52.78571428571432,0.45921006855599106,,0,0,0,0,0,0
ADANIPORTS,1508.7,1498.553667580036,1476.6815007303662,1394.3682964014854,47.10234278668315,23.55714285714287,0.692914817208634,,2,1,0,1,0,0
ALPHAETF,25.36,25.247117579367178,25.308040926103402,25.00809071968377,42.26804123711339,0.5185714285714279,0.7726610728571203,,0,0,0,0,0,0
ALPL30IETF,28.03,27.839038821870336,27.747489135536423,27.501415368367265,55.97484276729564,0.28499999999999936,1.2692682827700517,,2,1,0,1,0,0
APOLLOHOSP,7054.0,7141.274748424567,7340.5045317808945,7284.4835765574235,36.09467455621302,109.5,1.1561863086202389,,0,0,0,0,0,0
ASIANPAINT,2807.6,2811.566678918107,2731.79774800239,2566.4128159135703,28.52545348156815,49.38571428571429,0.4124432144173463,,1,0,0,0,0,1
AUTOBEES,285.55,283.1531353060918,279.8682561284297,260.6131613573604,47.263868065967046,5.125714285714281,0.9933380084151473,,2,1,0,1,0,0
AUTOIETF,28.6,28.362554278009732,28.0198720179465,26.08378145662045,46.18181818181823,0.4707142857142857,0.6879091493444234,,2,1,0,1,0,0
AXISBANK,1233.2,1253.7565660547325,1235.955809851828,1172.931421532402,40.97525473071325,19.385714285714307,0.5690644315813163,,0,0,0,0,0,0
AXISBNKETF,608.68,607.5859986182363,600.4022557767429,572.7031913404597,46.50900900900898,4.9542857142857315,0.2380623474697242,,2,1,0,1,0,0
AXISBPSETF,13.1,13.05796977398394,13.026154263249659,12.7848078191888,57.57575757575733,0.35142857142857115,10.493615678062339,,2,1,0,1,0,0
AXISCETF,125.95,125.87127146217485,126.3034710410112,122.32635894178426,38.32790445168299,3.212142857142855,0.6676612605675603,,0,0,0,0,0,0
AXISGOLD,112.73,108.45614894536284,104.44635127251193,90.3693219241634,74.35496481626265,2.2142857142857153,3.0918912734285766,,2,0,1,1,0,0
AXISHCETF,150.33,149.6563602991492,149.70407126702506,146.34722101361638,44.24379232505654,1.9378571428571405,0.8437005822722329,,0,0,0,0,0,0
AXISTECETF,429.63,414.0364986055567,403.92969735410395,400.9537376734469,70.96584216725559,7.157142857142852,0.25083589728536854,,1,0,0,1,0,0
BAJAJ-AUTO,9164.0,8998.025278105348,8957.827424431453,8781.676187581521,53.48733896046202,142.57142857142858,1.06997743431668,,1,0,0,1,0,0
BAJAJFINSV,2049.8,2056.932374067669,2059.135537287209,1987.4619046130967,46.49237472766887,36.57142857142857,1.2984490190317501,,0,0,0,0,0,0
BANKBEES,611.26,609.7132361347624,602.5691089184651,574.8040821549206,47.46087511976998,5.83928571428573,0.8421715462475975,,2,1,0,1,0,0
BANKBETF,60.05,59.83966386630115,59.13523494047429,56.413779218231994,48.688046647230266,0.5449999999999997,0.44573530270301825,,2,1,0,1,0,0
BANKETF,601.8,599.6743029078572,592.5737876429451,565.1766702819783,49.94984954864579,4.587142857142851,0.4102697198985806,,2,1,0,1,0,0
BANKIETF,60.59,60.436824647972614,59.7304014756938,56.97414349878724,47.13375796178345,0.9149999999999981,0.14935621520080788,,2,1,0,1,0,0
BANKNIFTY1,612.17,610.8357952066461,603.8050099235858,575.8466124512969,48.45533915379437,5.742857142857141,0.18945779426971635,,2,1,0,1,0,0
BBETF0432,1304.56,1309.4567576170527,1306.5829751163744,1279.2069650549327,31.76895306859197,5.140714285714288,0.4089463075839627,,1,0,0,0,0,1
BBNPNBETF,59.49,59.42168945331172,58.70266950448203,56.07103405467974,49.67948717948724,0.9485714285714292,0.8153204398938187,,2,1,0,1,0,0
BFSI,28.38,28.42435765637673,28.267284702006172,27.11287014378631,48.36956521739124,0.466428571428572,0.5192616915197266,,1,1,0,0,0,0
BHARTIARTL,2147.6,2097.8876689795065,2067.3141627946356,1915.3711112498115,58.47589424572311,32.02857142857147,1.0886858795139986,,1,0,0,1,0,0
BRITANNIA,6083.0,5963.204473071701,5923.928526550291,5708.570935245627,62.99311208515968,110.89285714285714,0.9090629067588749,,1,0,0,1,0,0
BSE500IETF,40.26,40.00905869403045,39.892570318676576,38.832777434433105,49.372384937238465,0.6278571428571423,0.3076611724663789,,2,1,0,1,0,0
BSLGOLDETF,118.27,114.20461624926983,110.04646516315552,95.21241781316299,76.3318777292576,1.625714285714288,0.7095763859218739,,1,0,0,1,0,0
BSLNIFTY,30.41,30.19296801355434,29.97919090225067,28.97346033158302,53.01204819277113,0.8628571428571432,0.9884734542686332,,2,1,0,1,0,0
BSLSENETFG,85.53,84.96600755944719,84.32128944956281,81.67000622215605,52.84360189573453,2.087142857142857,0.8247007134507638,,2,1,0,1,0,0
CIPLA,1512.9,1511.1399577670454,1521.8683932646206,1517.7668499636984,48.50444624090549,19.121428571428606,0.7509013217766944,,0,0,0,0,0,0
COALINDIA,386.25,382.3741150396018,382.82607534167835,390.72897020152095,63.56877323420086,4.964285714285702,0.8570256149100081,,0,0,0,0,0,0
COMMOIETF,94.21,93.39543938787114,93.1343894802802,90.2100362805279,54.59387483355525,1.7000000000000017,0.4680050680775386,,2,1,0,1,0,0
CONSUMBEES,136.16,136.14408009339408,136.5991270398779,132.281115467028,38.8888888888889,2.056428571428571,0.8432633091710179,,0,0,0,0,0,0
CONSUMIETF,126.49,126.61245446639221,126.9631594126386,122.89359635771454,36.678200692041436,1.8399999999999994,0.5811396590128075,,0,0,0,0,0,0
CPSEETF,89.96,90.18356022439717,91.28110357080263,90.81765244097092,37.88343558282202,1.7428571428571402,1.4708697858112696,,0,0,0,0,0,0
DIVISLAB,6511.5,6418.165797738141,6414.519035443252,6216.418363548555,56.46492434662999,128.46428571428572,1.1237297582894834,,2,1,0,1,0,0
EBBETF0430,1558.83,1560.1438237944622,1555.9683642391942,1521.8284811292062,35.430194805194745,9.756428571428582,0.6353768961834964,,0,0,0,0,0,0
EBBETF0431,1394.88,1395.621071677106,1392.0384324118356,1361.758035206052,39.90461049284611,4.9542857142857555,0.40267464207330245,,0,0,0,0,0,0
EBBETF0433,1269.49,1271.8259305864801,1269.213974346325,1243.8159898285303,36.76042677012593,4.696428571428588,0.5585503152785789,,0,0,0,0,0,0
EICHERMOT,7291.5,7136.2394543328,6998.210578015578,6225.042491253987,60.455607476635514,119.82142857142857,0.5183147890717161,,1,0,0,1,0,0
EQUAL50ADD,344.28,341.6750049183278,340.0372927886911,327.8133598100269,50.388601036269314,3.8850000000000073,7.262365399992753,,2,1,0,1,0,0
ESG,44.54,44.126265702388466,43.8673607403479,42.51716033477277,54.30711610486887,0.5821428571428571,0.23046778328531922,,2,1,0,1,0,0
FINIETF,32.43,32.23228699183235,31.950394284628825,30.03933433727349,46.91358024691359,0.755,0.5304010278313945,,2,1,0,1,0,0
FMCGIETF,58.86,58.76950951573233,59.04760522917913,59.23875202947935,44.745762711864344,0.875,0.4836064896598034,,0,0,0,0,0,0
GILT5YBEES,63.4,63.464748869048705,63.35672998989595,62.17350506581246,43.74999999999994,0.639285714285714,0.8572928542716587,,0,0,0,0,0,0
GOLD1,112.07,108.39426869718693,104.40455519570625,90.33027517617846,72.74275979557066,2.307857142857142,1.9805017354791672,,2,0,1,1,0,0
GOLDBEES,111.39,107.56515846907766,103.63318446046075,89.69837352421109,75.30755711775043,1.3721428571428578,2.221686998965806,,2,0,1,1,0,0
GOLDETF,130.79,126.23420908254555,121.61965638700529,105.27458793034182,78.9249146757679,3.2228571428571393,1.8094656425732696,,2,0,1,1,0,0
GOLDIETF,115.52,111.316510533333,107.1852125091045,92.69213642498664,75.69558101472995,1.8778571428571442,1.2478888907227357,,1,0,0,1,0,0
GOLDSHARE,113.3,109.2389005783802,105.20553955070748,90.93889264011995,77.57009345794387,2.675000000000001,1.5110589687483915,,1,0,0,1,0,0
GRASIM,2809.7,2783.764208002808,2784.725329347761,2728.856920393815,69.60629921259837,42.25714285714288,1.689905500598025,,1,0,1,0,0,0
GSEC10IETF,259.16,258.982018858574,258.73707228134253,255.03610704037794,48.51063829787246,1.0900000000000034,0.07709690283131729,,2,1,0,1,0,0
GSEC10YEAR,29.44,29.553805562234817,29.4974586215557,29.005038804469216,48.837209302325675,0.25571428571428584,0.31934808095174033,,1,1,0,0,0,0
HCLTECH,1670.3,1647.6204260960174,1601.64952516059,1584.5899037114575,58.72617853560681,28.242857142857133,0.6246513647269262,,2,1,0,1,0,0
HDFCBANK,987.7,993.0853807220951,991.3689663582995,961.4045011174657,48.60186418109194,11.700000000000005,0.7882189204264296,,1,1,0,0,0,0
HDFCGOLD,115.17,111.06335583462996,106.99100188058793,92.57450077231559,76.65441176470577,2.7957142857142867,1.325962812155345,,1,0,0,1,0,0
HDFCLIFE,761.8,764.4496074583673,762.7236067845997,742.3453244492091,51.64705882352938,14.753571428571417,0.38846106776011785,,1,1,0,0,0,0
HEALTHIETF,151.93,150.86592090641741,150.878941776209,147.347951182313,47.31610337972172,2.8035714285714266,1.38268144676255,,0,0,0,0,0,0
HEROMOTOCO,5699.5,5919.662529040487,5775.221381785641,5099.080780398077,20.92668024439918,135.35714285714286,1.6757264983349551,,1,0,0,0,0,1
HINDALCO,864.55,831.2596892989824,808.0229078818504,733.7906047626313,72.41647241647236,17.55000000000001,1.1679916425264392,,0,0,0,0,0,0
HINDUNILVR,2289.5,2337.1453624325177,2405.7171963769524,2447.740699583218,22.16967188885603,47.17142857142861,0.4329843140491863,,0,0,0,0,0,0
HNGSNGBEES,503.43,509.53402073044,510.0322992913931,455.59004407347317,33.911221184987596,12.15714285714286,0.8356373999361123,,0,0,0,0,0,0
ICICIBANK,1368.5,1368.4652747657553,1374.9293032788714,1369.415900769464,47.84276126558005,16.271428571428583,1.031252096469767,,0,0,0,0,0,0
INDUSINDBK,856.4,842.4896699081123,823.7961097462673,854.3879432530696,52.41871530531326,20.003571428571433,0.7888332339667843,,0,0,0,0,0,0
INFRAIETF,99.07,98.03181452815862,97.33920763703537,93.72388379116516,53.047091412742375,1.3885714285714275,0.7226704858781322,,2,1,0,1,0,0
INFY,1689.6,1597.2387326512876,1557.4403218449793,1571.8149768911424,79.33394160583941,28.93571428571431,2.8523183335184132,,1,0,0,0,1,0
ITBEES,43.29,41.75112517672034,40.73765858451114,40.42631950587283,71.87499999999993,1.1149999999999984,1.861564473134792,,2,0,0,1,1,0
ITC,402.7,402.60295462882436,404.97222022774395,416.41345675066987,54.06032482598611,3.610714285714274,0.7837093871195313,,0,0,0,0,0,0
ITETF,41.33,39.797989337735565,38.81145974674658,38.49631861998601,72.21006564551428,0.7335714285714293,1.4393884661632932,,1,0,0,1,0,0
ITIETF,43.27,41.740123112705334,40.713344689588084,40.38446413704447,72.53668763102726,0.90857142857143,1.169187551717078,,1,0,0,1,0,0
IVZINGOLD,11680.25,11292.1065217808,10882.956302082399,9422.012736938213,74.86166906692952,243.35357142857174,5.6643741403026135,,2,0,1,1,0,0
IVZINNIFTY,2963.26,2954.020947100628,2925.6271149122044,2821.7175629001363,47.71788626495822,31.58571428571437,1.9724770642201834,,3,1,1,1,0,0
JETFREIGHT,18.43,17.781535845034615,16.240807013259275,14.633432484924413,37.346938775510196,1.3107142857142853,0.16845792242008117,,0,0,0,0,0,0
JSWSTEEL,1094.9,1116.253368726645,1130.557941936224,1075.0336219763135,33.06410903584057,26.835714285714257,0.5682634618555965,,0,0,0,0,0,0
JUNIORBEES,738.95,736.4481581263846,738.3503615883985,726.1692436186063,45.787488211254406,10.38285714285716,1.1582425633646944,,0,0,0,0,0,0
KOTAKBANK,2149.7,2147.781791726911,2124.788357262564,2060.9271717620054,52.34425176621699,31.69285714285716,0.6575087413097563,,2,1,0,1,0,0
LICMFGOLD,12141.15,11697.047092923674,11273.306645751745,9766.362115346858,78.00350541746334,175.0785714285716,1.352562307476897,,1,0,0,1,0,0
LICNETFGSC,28.61,28.70250055646858,28.65918449353076,28.172555420557455,41.0958904109588,0.3721428571428567,1.6805569056265826,,0,0,0,0,0,0
LICNETFN50,290.56,288.39843428833245,286.5237822791703,277.2139731016597,53.06930693069309,2.5221428571428492,0.7821974290565122,,2,1,0,1,0,0
LICNETFSEN,956.25,950.9425182243396,943.1910577698824,917.2520211218776,57.58323057953141,6.4878571428571705,1.219016659894352,,2,1,0,1,0,0
LIQUIDBEES,1000.0,999.9962811239898,999.9955729823204,999.9954039762114,60.0,0.29499999999998344,0.7824144359127625,,2,1,0,1,0,0
LIQUIDBETF,1061.79,1059.8848891294074,1056.8151083089708,1041.9772368540982,100.0,0.20928571428570258,1.5436402542880285,,2,0,0,1,1,0
LIQUIDETF,999.99,999.9960456979297,999.996116423904,999.9949391601465,33.33333333333333,0.01999999999998181,1.9288054669703874,,0,0,0,0,0,0
LIQUIDIETF,999.99,999.9858254153763,999.9875878086135,999.9891635782576,50.0,2.2671428571428414,0.9821419288103195,,0,0,0,0,0,0
LOWVOLIETF,23.24,23.042846684788756,22.880331671384,22.13683004533182,54.22535211267597,0.45785714285714235,0.9947433672881772,,2,1,0,1,0,0
LT,4072.4,4034.3897028636698,3958.6488605128616,3726.711732318296,55.88979477087434,57.2928571428572,0.552396654506256,,2,1,0,1,0,0
LTGILTBEES,29.03,29.125557974757164,29.086852922732017,28.617896221081196,38.98305084745758,0.22999999999999968,1.1376367720866583,,0,0,0,0,0,0
M&M,3616.7,3644.741346737289,3617.935709005839,3325.183109386746,38.13599619591057,63.17857142857143,0.7348831611707527,,0,0,0,0,0,0
MAKEINDIA,155.78,153.93470989585157,153.45827828276606,147.60696752904641,52.494061757719706,4.101428571428569,0.9735689591251744,,2,1,0,1,0,0
MARUTI,16649.0,16241.982615790834,15963.228273946972,14336.618170607011,60.78947368421053,228.21428571428572,0.931304505265699,,1,0,0,1,0,0
METALIETF,10.71,10.45006526974574,10.343639207801603,9.762829669267292,65.48672566371684,0.2335714285714283,4.946640248190173,,2,0,0,1,1,0
MID150BEES,230.47,227.82621253899043,227.04883659353047,219.89660849126824,50.02290426019238,4.265000000000001,2.02040382666286,,2,1,0,1,0,0
MIDCAPETF,22.78,22.498848925392547,22.420001222347494,21.701486776273953,51.101321585903094,0.742857142857143,1.1234414811449698,,2,1,0,1,0,0
MIDCAPIETF,23.02,22.776197636535294,22.70253045456102,21.98541540959137,49.02912621359225,0.4092857142857141,1.384142069448121,,2,1,0,1,0,0
MIDQ50ADD,249.88,246.96138455774613,248.07166970595364,246.07706727536447,51.21649484536083,5.6049999999999995,3.583659022196003,,0,0,0,0,0,0
MIDSELIETF,18.71,18.465671695457438,18.305743318527714,17.657919750975683,50.847457627118686,0.5114285714285709,0.9365866456495737,,2,1,0,1,0,0
MOM100,65.5,64.72559346916748,64.36981902216326,62.1172997347257,49.12023460410555,1.236428571428571,1.7074448998150906,,2,1,0,1,0,0
MOM30IETF,32.02,31.97724215913048,31.96443503175761,31.626735221465296,43.18840579710149,0.454285714285714,0.8476684255633153,,1,0,0,1,0,0
MOM50,271.44,269.66867489454523,267.84631036252574,258.98911590940656,52.02349869451699,2.7292857142857208,0.9191020132850419,,2,1,0,1,0,0
NESTLEIND,1257.2,1243.552956252157,1241.0826643488283,1206.8933159094258,49.343629343629324,19.800000000000036,1.1114869848747038,,2,1,0,1,0,0
NETF,282.2,280.36407946141196,278.4613376438644,269.33960933913556,55.25902668759799,4.952857142857141,1.5971920819730907,,2,1,0,1,0,0
NEXT50IETF,72.21,71.9520887138881,72.13020340705873,70.91989897583397,45.47134935304982,1.6792857142857116,0.92259798294411,,0,0,0,0,0,0
NIF100BEES,281.48,279.8538653072204,278.5160850808944,270.3954577136583,49.936061381074225,3.087142857142859,1.2312318287843111,,2,1,0,1,0,0
NIF100IETF,29.6,29.448808925902,29.29478988987211,28.434333078997426,48.717948717948744,0.43214285714285744,0.694283225191395,,2,1,0,1,0,0
NIF10GETF,26.12,26.106400886263494,26.06787215944396,25.75986667958487,50.862068965517224,0.3935714285714277,0.635109066627096,,2,1,0,1,0,0
NIF5GETF,63.76,63.62676981638671,63.50559688904384,62.468919020866466,55.07692307692307,0.4814285714285721,0.05400952032222629,,2,1,0,1,0,0
NIFITETF,409.46,394.7867233641135,385.07926529671096,382.19119214510886,73.23522648884796,5.3307142857142855,1.087006270309854,,1,0,0,1,0,0
NIFTY,26172.4,25956.879028727577,25790.511444557702,25019.538049301987,54.51587966243639,195.91071428571453,,,1,0,0,1,0,0
NIFTY1,288.57,286.0910150107774,283.9837092785625,274.41779692297416,54.14847161572049,2.820000000000001,1.087792061975552,,2,1,0,1,0,0
NIFTYBEES,295.69,293.4828117308649,291.493661142037,281.7875650761897,52.92447473026682,3.8314285714285785,1.5900617537760402,,2,1,0,1,0,0
NIFTYBETF,266.86,265.01998934472147,263.29104419013703,254.63898901940527,53.547523427041504,2.6000000000000063,0.1800010688899578,,2,1,0,1,0,0
NIFTYETF,282.12,280.20525723589503,278.28544487711565,269.023102718544,53.006681514476554,2.7549999999999994,0.903648720633453,,2,1,0,1,0,0
NIFTYIETF,294.1,292.0608607959398,290.0866577470178,280.3925639623709,52.95119182746884,4.9557142857142855,0.5046649932490764,,2,1,0,1,0,0
NTPC,320.7,323.1391857569059,327.5938902077434,336.79760585443137,33.943089430894304,4.367857142857129,1.260435270908713,,0,0,0,0,0,0
NV20,155.58,153.72341484266892,152.2212390709428,149.67531744660346,63.50282485875707,2.3878571428571496,1.7151045492638615,,3,1,0,1,1,0
NV20BEES,155.96,154.00037214657857,152.5668962650593,150.16343293131163,63.697104677060196,1.6007142857142793,2.132057502833178,,2,0,0,1,1,0
NV20IETF,15.24,15.011885284043965,14.873179097794258,14.635385121661386,67.49999999999999,0.30571428571428566,1.8833417383767872,,2,0,0,1,1,0
OILIETF,12.19,12.085160910953059,11.999763396011923,11.656577335638369,53.42465753424653,0.1685714285714284,2.031040344329392,,2,1,0,1,0,0
ONGC,234.18,238.51672697661485,242.06943704603464,245.00012794865566,28.89990982867444,3.6378571428571393,0.670467861658209,,0,0,0,0,0,0
PHARMABEES,23.45,23.247451684117312,23.09941354853087,22.578124269903117,49.6503496503496,0.5699999999999987,1.0622420885985748,,2,1,0,1,0,0
POWERGRID,265.0,266.2195635154798,272.8370352094841,285.61668803450465,45.030425963488874,4.275000000000001,1.057171665999239,,0,0,0,0,0,0
PSUBANKADD,84.16,83.53966060793603,81.87914511299321,74.38270680702608,43.77880184331791,1.9385714285714286,0.14220954186018084,,1,0,0,1,0,0
PSUBNKBEES,93.12,92.56677924662064,90.74086582966989,82.47224574225935,42.59984338292874,2.531428571428571,0.48155776301883163,,1,0,0,1,0,0
PSUBNKIETF,84.48,83.95442042473087,82.29462607943428,74.7841093253078,41.62812210915818,1.5821428571428586,0.7344161750387181,,1,0,0,1,0,0
PVTBANIETF,28.71,28.727980654150223,28.46216005714723,27.41948543656207,47.50000000000006,0.40142857142857175,1.2815273561802811,,1,1,0,0,0,0
PVTBANKADD,28.82,28.8313152513445,28.57808474440804,27.54793302023587,44.785276073619706,0.2907142857142855,0.028306350641370322,,0,0,0,0,0,0
QNIFTY,2860.1,2837.762152010292,2818.4157485089368,2725.441426913845,54.225152014547895,26.054999999999968,0.760184796304074,,2,1,0,1,0,0
QUAL30IETF,22.12,21.844910621394682,21.739822509485816,21.266667640611846,54.857142857142925,0.3728571428571433,1.2499132203223713,,2,1,0,1,0,0
RELIANCE,1575.4,1544.6420481279988,1509.9800826521205,1431.5585389163944,63.71347785108393,20.285714285714302,1.0596563403918655,,1,0,0,1,0,0
SBIETFCON,126.32,126.13958147624587,126.54429892102728,122.50880808264155,40.96109839816924,2.902857142857141,0.8047131207011637,,0,0,0,0,0,0
SBIETFIT,432.65,416.8417992995755,406.64342156986294,403.6144199955515,71.36141038197846,8.244285714285715,1.5218848328259702,,2,0,0,1,1,0
SBIETFPB,290.72,290.6379882103388,287.88797339417476,277.30766943966927,48.69661674986144,4.777142857142865,2.2958965445064297,,3,1,1,1,0,0
SBIETFQLTY,232.47,229.8679645051705,228.79991053818492,223.83755425858743,55.22088353413656,3.087857142857142,1.2081215068363382,,2,1,0,1,0,0
SBILIFE,2022.3,2009.8201527740898,1967.4364933042182,1820.1186541674247,61.84668989547036,32.72142857142853,0.7434139004566512,,2,1,0,1,0,0
SBIN,974.3,966.8377881767257,943.5094286338007,863.49931857503,53.5,13.074999999999998,0.6357650394932838,,2,1,0,1,0,0
SBINEQWETF,33.5,33.23733992832826,33.085300195287566,32.021123483652445,50.649350649350666,0.5578571428571435,1.0909922035706123,,2,1,0,1,0,0
SDL26BEES,135.31,134.93300453450527,134.38052982227725,131.84522016334444,50.60240963855423,1.586428571428566,0.02094862884246325,,2,1,0,1,0,0
SENSEXADD,87.6,86.98185432349527,86.31264865687075,83.61148057826043,53.57917570498913,0.6849999999999982,0.7346539244223488,,2,1,0,1,0,0
SENSEXETF,87.63,87.03800154618193,86.38873523580665,83.67311630393993,53.246753246753215,0.7328571428571432,2.0066327586836774,,2,1,0,1,0,0
SENSEXIETF,977.35,970.0293925464136,962.9556279626006,932.5704548021118,54.17218543046353,8.062142857142858,0.5830553923313112,,2,1,0,1,0,0
SETF10GILT,257.82,259.0310428575452,259.1086327901326,255.48982824464812,39.19860627177716,1.8407142857142884,0.39662252915521745,,0,0,0,0,0,0
SETFGOLD,114.98,110.90822012936395,106.85608730030701,92.47469235875282,75.38994800693251,2.7007142857142887,1.3493377039469696,,1,0,0,1,0,0
SETFNIF50,279.38,277.4628797959665,275.5806298725945,266.40076153568214,52.795031055900566,4.97214285714285,1.7729590792568042,,2,1,0,1,0,0
SETFNIFBK,606.69,604.8239414186695,597.6284654890266,570.049815463452,48.924228250701695,6.578571428571455,0.11003640969608108,,2,1,0,1,0,0
SETFNN50,733.03,729.4991832687305,731.3308850724678,719.0618493441218,46.69588671611593,10.145000000000007,1.1739537421270252,,0,0,0,0,0,0
SHARIABEES,521.71,512.2427064982483,507.8633520121037,506.7561043566032,61.75049730036934,7.142142857142853,2.571373082151874,,2,0,0,1,1,0
SHREECEM,25710.0,26233.608659620168,27133.517693056634,28445.108770148236,36.378466557911906,475.35714285714283,0.3788454157173073,,0,0,0,0,0,0
SILVERADD,201.97,178.35535327681717,161.85717948390086,127.83690870285885,92.89203712750361,5.798571428571427,1.3799012009542935,,0,0,0,0,0,0
SILVERBEES,199.95,176.9367432707235,160.78204745072236,127.16634426654852,91.70884550494095,5.064999999999998,1.5375572559633335,,2,0,1,0,1,0
SILVERETF,202.54,178.90067037788356,162.59946644583124,128.71990872796417,93.25435203094779,5.812142857142864,1.4573642137763123,,0,0,0,0,0,0
SILVERIETF,208.63,184.55467908813236,167.47314002957714,132.2874318197731,92.54818993888102,6.270714285714285,1.796257899542957,,2,0,1,0,1,0
SUNPHARMA,1769.8,1777.2863831289612,1746.9675123620632,1702.7361609556606,42.925202477370156,27.54285714285715,0.7272290119598306,,0,0,0,0,0,0
TATACONSUM,1178.8,1164.7604833043865,1155.9798831889532,1113.0555245506212,56.12998522895119,20.564285714285752,0.8307966392687182,,2,1,0,1,0,0
TATAMOTORS,359.15,357.8957128920073,413.1913165295133,586.1411503867477,46.68367346938773,6.678571428571432,0.8501690781709553,,0,0,0,0,0,0
TATASTEEL,169.22,168.96500281326163,170.06048872518974,162.77263783956883,52.680565897244975,3.211428571428574,1.1395712581229414,,0,0,0,0,0,0
TCS,3324.9,3209.508797732103,3149.7915665795167,3303.9486643928544,78.0379371665679,50.971428571428596,1.023957038247157,,0,0,0,0,0,0
TECHM,1646.7,1561.8084463457367,1518.5546463933783,1518.8584014038333,77.77777777777777,26.564285714285738,0.961357847933977,,0,0,0,0,0,0
TITAN,3933.8,3874.7979202767046,3798.353451815812,3596.8515053645165,56.1381074168798,62.071428571428605,0.8568649048448621,,2,1,0,1,0,0
TNIDETF,100.75,98.73616328715886,97.38195451874641,93.86169389645819,59.69868173258005,2.3064285714285697,1.3221880753162898,,2,1,0,1,0,0
ULTRACEMCO,11532.0,11590.374206066344,11773.522915289519,11826.321191018324,44.20415224913495,157.07142857142858,0.8317796945477566,,0,0,0,0,0,0
UPL,776.55,750.4202575727923,735.7272502130894,684.1925838176144,61.996779388083716,16.992857142857133,1.587039170674872,,2,0,0,1,1,0
UTIBANKETF,61.02,60.91385389915306,60.20095247981968,57.40685031509156,46.54088050314468,0.7828571428571429,0.07932678546602442,,2,1,0,1,0,0
UTINIFTETF,288.17,285.76849474430423,283.7896524600657,274.28375291174393,55.19307589880159,3.2257142857142873,0.05930831328281352,,2,1,0,1,0,0
UTISENSETF,939.33,935.0125245477585,927.9155681398428,898.6415222391092,50.506846878890315,11.529285714285711,0.21088231149559794,,2,1,0,1,0,0
VAL30IETF,14.53,14.286942366079797,14.120699999166733,13.436524592070933,58.974358974358935,0.1935714285714289,0.9604150729556582,,1,0,0,1,0,0
WIPRO,272.67,258.2806612946715,252.51330710268104,255.16653013803398,81.70800450958296,4.234285714285714,1.8098105074629403,,1,0,0,0,1,0
